type,message,urgency,timestamp,period,decision_context
monitoring,The FDA is currently monitoring the emerging shortage of the affected drug. We encourage all manufacturers to report any disruptions and work collaboratively to address supply issues promptly.,routine,2025-07-30T08:25:51.989938,1,"{'shortage_assessment': 'The shortage is emerging with a mild supply-demand imbalance; however, disruptions are confined to a single manufacturer currently.', 'intervention_justification': 'Given the low patient safety risk and the early stages of the shortage, a monitoring statement will facilitate coordination while avoiding unnecessary market disruptions.', 'market_impact_prediction': 'Manufacturers will be prompted to assess their capacity, while buyers should not feel compelled to stockpile yet. This can lay the groundwork for increased collaboration without inducing panic buying.', 'patient_safety_considerations': ""Clinical urgency remains low, and essential patient access isn't significantly threatened yet.""}"
alert,The FDA acknowledges the emerging shortage of the affected drug due to disruptions with two manufacturers. We are closely monitoring the situation and encourage manufacturers to report their production capacities. Stakeholders are urged to coordinate efforts to mitigate impacts on patient care.,elevated,2025-07-30T08:26:30.274393,2,"{'shortage_assessment': 'The current status indicates an emerging shortage with insufficient supply and market stability concerns. The trajectory suggests potential worsening if not addressed.', 'intervention_justification': 'An alert is appropriate as it is likely to encourage better coordination and reporting from manufacturers without causing panic buying. It informs stakeholders of the seriousness while leaving room for voluntary actions.', 'market_impact_prediction': 'Manufacturers may increase transparency and accelerate production adjustments. Buyers are less likely to engage in panic buying with an alert as opposed to a more critical announcement.', 'patient_safety_considerations': 'Timely communication can prevent potential moderate clinical impact by encouraging market adjustments before shortages create significant access issues.'}"
alert,The FDA has identified an emerging shortage in the market due to disruptions in manufacturing. We encourage stakeholders to coordinate efforts to increase production and mitigate the impact. Please report any supply chain issues promptly.,elevated,2025-07-30T08:27:01.093012,3,"{'shortage_assessment': 'The current status is emerging with insufficient supply adequacy, and there are manufacturers experiencing disruptions, indicating a likely shortage escalation.', 'intervention_justification': 'An alert is appropriate as it provides necessary coordination while minimizing the risk of panic buying. It aligns with past precedent guidance in similar situations.', 'market_impact_prediction': 'The announcement is expected to encourage manufacturers to explore capacity expansion options and buyers to stabilize purchasing behavior, avoiding stockpiling.', 'patient_safety_considerations': 'Given the supply gap and elevated patient safety risks, prompt communication can help manage clinical urgency and maintain access.'}"
alert,The FDA confirms an emerging shortage of critical medications due to recent manufacturer disruptions. We encourage manufacturers to expand production capacity and request healthcare providers to report inventory issues. Coordination among stakeholders is essential to address current shortages.,elevated,2025-07-30T08:27:36.735046,4,"{'shortage_assessment': 'The current status indicates an emerging shortage with insufficient supply and multiple manufacturer disruptions, suggesting a trajectory toward wider impact.', 'intervention_justification': 'An alert is appropriate given the emerging nature of the shortage, the critical need for stakeholder coordination, and the risk of moderate clinical impact on patient safety.', 'market_impact_prediction': 'The alert is expected to encourage manufacturers to expand capacity while informing buyers to be prudent but not to panic buy. It may also facilitate better coordination and information sharing among stakeholders.', 'patient_safety_considerations': 'There is a moderate clinical impact risk due to insufficient supply, making it important to ensure access and address potential delays in patient care.'}"
alert,The FDA is issuing a shortage alert due to emerging disruptions affecting basic supply adequacy in the market. We encourage manufacturers to prioritize production and facilitate stakeholder coordination to mitigate impact. Buyers should maintain usual purchasing patterns to support equitable distribution.,elevated,2025-07-30T08:28:09.278148,5,"{'shortage_assessment': 'The shortage is emerging with two manufacturers facing disruptions, leading to insufficient supply adequacy and a potential escalation in patient risk.', 'intervention_justification': 'This response level is appropriate to prevent panic buying, encourage industry coordination, and motivate capacity expansion, while minimizing potential market destabilization.', 'market_impact_prediction': 'We expect manufacturers to consider increasing production capacity due to public and regulatory pressure, while buyers may resist stockpiling due to specific guidance not to alter purchasing behaviors.', 'patient_safety_considerations': 'The alert prioritizes maintaining supply chain continuity to ensure patients receive necessary medications, mitigating risks posed by current supply-demand imbalances.'}"
monitoring,The FDA is currently monitoring an emerging shortage situation. Stakeholders are encouraged to report any supply disruptions and explore coordination efforts to ensure patient access.,elevated,2025-07-30T08:28:42.476079,6,"{'shortage_assessment': 'The shortage is in an emerging state with insufficient supply and some market disruptions. The situation is not yet critical.', 'intervention_justification': 'A monitoring statement is warranted to acknowledge awareness and encourage stakeholder reporting and coordination without triggering panic.', 'market_impact_prediction': 'Manufacturers may become more vigilant in monitoring their supply chains, and buyers may begin to plan more cautiously without resorting to panic buying.', 'patient_safety_considerations': 'The clinical impact is moderate. Timely communication can prevent the situation from deteriorating while maintaining supply chain transparency.'}"
alert,The FDA has identified an emerging shortage of important medications due to disruptions at two manufacturers. We are actively coordinating with industry stakeholders to resolve this issue. Healthcare providers are encouraged to communicate with patients and consider alternative treatments where possible.,elevated,2025-07-30T08:29:29.462767,7,"{'shortage_assessment': 'The current status indicates an emerging shortage due to supply chain disruptions at two key manufacturers, which has led to insufficient supply and market instability.', 'intervention_justification': 'Issuing a shortage alert is necessary to enhance industry coordination and mitigate potential patient safety risks. Previous cases show early alerts can prevent worsening shortages.', 'market_impact_prediction': 'The alert is expected to encourage manufacturers to expand capacity and promote information sharing among stakeholders, while minimizing panic buying through measured communication.', 'patient_safety_considerations': 'With a moderate risk for patient safety impacts, providing timely information to healthcare providers will help manage treatment options and maintain patient care standards.'}"
alert,The FDA is aware of emerging shortages for certain critical medications due to disruptions affecting two manufacturers. We encourage all stakeholders to report updates and coordinate efforts to mitigate impact. Patient safety remains our top priority.,elevated,2025-07-30T08:30:07.125103,8,"{'shortage_assessment': 'The shortage is emerging with insufficient current supply, and there is a moderate risk to patient safety if not addressed promptly. The trajectory indicates potential worsening.', 'intervention_justification': 'An alert is warranted to enhance stakeholder coordination and encourage transparency in reporting, which can help stabilize the supply chain without causing unnecessary panic.', 'market_impact_prediction': 'Manufacturers may be encouraged to increase production capacity, and buyers are informed to avoid reactive stockpiling due to a coordinated communication effort.', 'patient_safety_considerations': 'The medium risk to patient safety necessitates communication to ensure access while minimizing harm from panic responses.'}"
alert,The FDA is aware of an emerging drug shortage due to manufacturing disruptions. We are actively monitoring the situation and are coordinating with manufacturers to increase production. Stakeholders are encouraged to report any supply issues to facilitate timely resolution.,elevated,2025-07-30T08:30:43.513761,9,"{'shortage_assessment': 'The current status indicates an emerging shortage with insufficient supply, compounded by two manufacturer disruptions. The trajectory suggests potential worsening without intervention.', 'intervention_justification': 'Issuing an alert helps formalize coordination efforts among stakeholders, which is essential given the evidence of coordination problems. Historical cases show proactive communication can prevent escalation.', 'market_impact_prediction': 'Manufacturers are expected to increase efforts to expand capacity, while buyers may moderate purchasing behaviors with assurance of ongoing coordination.', 'patient_safety_considerations': 'The moderate patient safety risk warrants alert issuance to prevent access issues while ensuring continued treatment availability.'}"
