scenario,simulation_id,#simulation,gt_type,n_manufacturers,periods,disruption_prob,disruption_magnitude,trajectory,peak_shortage,avg_shortage,shortage_periods,resolution_time,total_profit,buyer_cost,fda_interventions
gt_id_22,5207632f,0,1,2,8,0.05,0.2,"[{'period': 0, 'total_demand': 1.0, 'total_supply': 1.0, 'shortage_amount': 0, 'unsold': 0.0, 'shortage_percentage': 0.0, 'disrupted_manufacturers': [], 'fda_announcement': None}, {'period': 1, 'total_demand': 1.2, 'total_supply': 0.9, 'shortage_amount': 0.29999999999999993, 'unsold': 0, 'shortage_percentage': 0.24999999999999994, 'disrupted_manufacturers': [1], 'fda_announcement': 'The FDA is aware of a potential disruption by one manufacturer, but current supply levels are adequate. We encourage stakeholders to report any changes in supply to help us monitor the situation. No immediate action is required.'}, {'period': 2, 'total_demand': 1.3, 'total_supply': 0.8200000000000001, 'shortage_amount': 0.48, 'unsold': 0, 'shortage_percentage': 0.3692307692307692, 'disrupted_manufacturers': [1], 'fda_announcement': 'The FDA is aware of an emerging shortage situation concerning a specific drug due to manufacturer disruption. We are closely monitoring the situation and encourage manufacturers and other stakeholders to report any changes in supply status. Coordination efforts are underway to minimize patient impact.'}, {'period': 3, 'total_demand': 1.3, 'total_supply': 0.9700000000000001, 'shortage_amount': 0.32999999999999996, 'unsold': 0, 'shortage_percentage': 0.25384615384615383, 'disrupted_manufacturers': [1], 'fda_announcement': 'The FDA is aware of an emerging drug shortage due to manufacturer disruptions. We are actively coordinating with stakeholders to address supply issues. Healthcare providers are encouraged to conserve inventory and report any additional supply disruptions.'}, {'period': 4, 'total_demand': 1.3, 'total_supply': 0.9700000000000001, 'shortage_amount': 0.32999999999999996, 'unsold': 0, 'shortage_percentage': 0.25384615384615383, 'disrupted_manufacturers': [1], 'fda_announcement': 'The FDA is closely monitoring the emerging drug shortage and encourages all manufacturers to report any potential disruptions. Stakeholders are advised of our continued oversight and guidance as needed.'}, {'period': 5, 'total_demand': 1.1, 'total_supply': 0.8700000000000001, 'shortage_amount': 0.22999999999999998, 'unsold': 0, 'shortage_percentage': 0.20909090909090905, 'disrupted_manufacturers': [], 'fda_announcement': 'The FDA is actively monitoring the current situation of an emerging shortage. We encourage manufacturers to report any production issues and buyers to engage in prudent purchasing practices. No immediate actions are needed from the general public.'}, {'period': 6, 'total_demand': 1.5, 'total_supply': 0.8400000000000001, 'shortage_amount': 0.6599999999999999, 'unsold': 0, 'shortage_percentage': 0.43999999999999995, 'disrupted_manufacturers': [0], 'fda_announcement': 'The FDA is aware of emerging supply disruptions affecting one manufacturer of this product. We are actively monitoring the situation and encourage stakeholders to continue reporting supply issues.'}, {'period': 7, 'total_demand': 1.3, 'total_supply': 0.936, 'shortage_amount': 0.364, 'unsold': 0, 'shortage_percentage': 0.27999999999999997, 'disrupted_manufacturers': [0], 'fda_announcement': 'The FDA is aware of the emerging drug shortage and is actively working with stakeholders to mitigate supply disruptions. Manufacturers are encouraged to communicate any production capacity changes promptly. Patients and healthcare providers are advised to follow updates and manage inventory responsibly to prevent exacerbating the situation.'}]",0.44,0.257001748,7,,7.183,10.4194,7
gt_id_23,e35604ff,0,1,2,6,0.05,0.2,"[{'period': 0, 'total_demand': 1.2, 'total_supply': 0.9, 'shortage_amount': 0.29999999999999993, 'unsold': 0, 'shortage_percentage': 0.24999999999999994, 'disrupted_manufacturers': [0], 'fda_announcement': None}, {'period': 1, 'total_demand': 1.3, 'total_supply': 0.9, 'shortage_amount': 0.4, 'unsold': 0, 'shortage_percentage': 0.3076923076923077, 'disrupted_manufacturers': [0], 'fda_announcement': 'The FDA acknowledges the emerging shortage and is actively monitoring the situation. We encourage manufacturers to report any production disruptions and buyers to maintain normal purchasing patterns. Coordination efforts are underway to minimize patient impact.'}, {'period': 2, 'total_demand': 1.5, 'total_supply': 1.05, 'shortage_amount': 0.44999999999999996, 'unsold': 0.050000000000000044, 'shortage_percentage': 0.3, 'disrupted_manufacturers': [0], 'fda_announcement': 'The FDA is aware of emerging supply disruptions affecting certain drug categories. We encourage manufacturers to report supply issues promptly and explore capacity expansion. Buyers are advised to maintain normal purchasing patterns to avoid exacerbating the situation.'}, {'period': 3, 'total_demand': 1.2, 'total_supply': 1.0, 'shortage_amount': 0.19999999999999996, 'unsold': 0.0, 'shortage_percentage': 0.16666666666666663, 'disrupted_manufacturers': [], 'fda_announcement': 'The FDA is closely monitoring the emerging drug shortage and encourages manufacturers and healthcare providers to report supply chain issues.'}, {'period': 4, 'total_demand': 1.2, 'total_supply': 1.0, 'shortage_amount': 0.19999999999999996, 'unsold': 0.0, 'shortage_percentage': 0.16666666666666663, 'disrupted_manufacturers': [], 'fda_announcement': 'The FDA is aware of emerging supply concerns in certain drug markets and is closely monitoring the situation. Manufacturers are encouraged to voluntarily report any production challenges.'}, {'period': 5, 'total_demand': 1.2, 'total_supply': 1.0, 'shortage_amount': 0.19999999999999996, 'unsold': 0.0, 'shortage_percentage': 0.16666666666666663, 'disrupted_manufacturers': [], 'fda_announcement': 'The FDA is aware of potential emerging shortages in the market and is actively monitoring the situation. We encourage manufacturers and stakeholders to report any supply disruptions voluntarily.'}]",0.307692308,0.226282051,6,,5.6775,7.985,5
gt_id_24,4a0a29e6,0,1,3,6,0.05,0.2,"[{'period': 0, 'total_demand': 1.0, 'total_supply': 1.0, 'shortage_amount': 0, 'unsold': 0.0, 'shortage_percentage': 0.0, 'disrupted_manufacturers': [], 'fda_announcement': None}, {'period': 1, 'total_demand': 1.0, 'total_supply': 1.0, 'shortage_amount': 0, 'unsold': 0.0, 'shortage_percentage': 0.0, 'disrupted_manufacturers': [], 'fda_announcement': None}, {'period': 2, 'total_demand': 1.0, 'total_supply': 1.0, 'shortage_amount': 0, 'unsold': 0.0, 'shortage_percentage': 0.0, 'disrupted_manufacturers': [], 'fda_announcement': None}, {'period': 3, 'total_demand': 1.0, 'total_supply': 1.0, 'shortage_amount': 0, 'unsold': 0.0, 'shortage_percentage': 0.0, 'disrupted_manufacturers': [], 'fda_announcement': None}, {'period': 4, 'total_demand': 1.0, 'total_supply': 1.0, 'shortage_amount': 0, 'unsold': 0.0, 'shortage_percentage': 0.0, 'disrupted_manufacturers': [], 'fda_announcement': None}, {'period': 5, 'total_demand': 1.0, 'total_supply': 1.0, 'shortage_amount': 0, 'unsold': 0.0, 'shortage_percentage': 0.0, 'disrupted_manufacturers': [], 'fda_announcement': None}]",0,0,0,,6,6.3,0
gt_id_31,b3805788,0,1,5,6,0.05,0.2,"[{'period': 0, 'total_demand': 1.0, 'total_supply': 1.0, 'shortage_amount': 0, 'unsold': 0.0, 'shortage_percentage': 0.0, 'disrupted_manufacturers': [], 'fda_announcement': None}, {'period': 1, 'total_demand': 1.0, 'total_supply': 1.0, 'shortage_amount': 0, 'unsold': 0.0, 'shortage_percentage': 0.0, 'disrupted_manufacturers': [], 'fda_announcement': None}, {'period': 2, 'total_demand': 1.0, 'total_supply': 1.0, 'shortage_amount': 0, 'unsold': 0.0, 'shortage_percentage': 0.0, 'disrupted_manufacturers': [], 'fda_announcement': None}, {'period': 3, 'total_demand': 1.0, 'total_supply': 1.0, 'shortage_amount': 0, 'unsold': 0.0, 'shortage_percentage': 0.0, 'disrupted_manufacturers': [], 'fda_announcement': None}, {'period': 4, 'total_demand': 1.0, 'total_supply': 1.0, 'shortage_amount': 0, 'unsold': 0.0, 'shortage_percentage': 0.0, 'disrupted_manufacturers': [], 'fda_announcement': None}, {'period': 5, 'total_demand': 1.0, 'total_supply': 0.9600000000000001, 'shortage_amount': 0.039999999999999925, 'unsold': 0, 'shortage_percentage': 0.039999999999999925, 'disrupted_manufacturers': [3], 'fda_announcement': None}]",0.04,0.006666667,1,,5.96,6.3,0
gt_id_32,dea7e6ea,0,1,4,6,0.05,0.2,"[{'period': 0, 'total_demand': 1.0, 'total_supply': 1.0, 'shortage_amount': 0, 'unsold': 0.0, 'shortage_percentage': 0.0, 'disrupted_manufacturers': [], 'fda_announcement': None}, {'period': 1, 'total_demand': 1.0, 'total_supply': 1.0, 'shortage_amount': 0, 'unsold': 0.0, 'shortage_percentage': 0.0, 'disrupted_manufacturers': [], 'fda_announcement': None}, {'period': 2, 'total_demand': 1.0, 'total_supply': 1.0, 'shortage_amount': 0, 'unsold': 0.0, 'shortage_percentage': 0.0, 'disrupted_manufacturers': [], 'fda_announcement': None}, {'period': 3, 'total_demand': 1.1, 'total_supply': 0.95, 'shortage_amount': 0.15000000000000013, 'unsold': 0, 'shortage_percentage': 0.13636363636363646, 'disrupted_manufacturers': [1], 'fda_announcement': 'The FDA is monitoring an emerging drug shortage situation. Manufacturers and other stakeholders are encouraged to voluntarily report any changes in supply. No immediate action is required as the supply is currently adequate.'}, {'period': 4, 'total_demand': 1.3, 'total_supply': 0.95, 'shortage_amount': 0.3500000000000001, 'unsold': 0, 'shortage_percentage': 0.2692307692307693, 'disrupted_manufacturers': [1], 'fda_announcement': 'The FDA is closely monitoring the emerging drug shortage situation. We encourage manufacturers to voluntarily report supply disruptions and collaborate with stakeholders to mitigate impact.'}, {'period': 5, 'total_demand': 1.2, 'total_supply': 1.0, 'shortage_amount': 0.19999999999999996, 'unsold': 0.0, 'shortage_percentage': 0.16666666666666663, 'disrupted_manufacturers': [], 'fda_announcement': 'The FDA is currently monitoring the emerging shortage of the specified drug and encourages manufacturers and distributors to report any disruptions or inventory fluctuations.'}]",0.269230769,0.095376845,3,,5.8,6.945,3
gt_id_33,e37f1efa,0,1,2,4,0.05,0.2,"[{'period': 0, 'total_demand': 1.0, 'total_supply': 1.0, 'shortage_amount': 0, 'unsold': 0.0, 'shortage_percentage': 0.0, 'disrupted_manufacturers': [], 'fda_announcement': None}, {'period': 1, 'total_demand': 1.0, 'total_supply': 1.0, 'shortage_amount': 0, 'unsold': 0.0, 'shortage_percentage': 0.0, 'disrupted_manufacturers': [], 'fda_announcement': 'The FDA is continuously monitoring current drug supply. No shortages are detected. Stakeholders are encouraged to report any disruptions.'}, {'period': 2, 'total_demand': 1.0, 'total_supply': 1.0, 'shortage_amount': 0, 'unsold': 0.0, 'shortage_percentage': 0.0, 'disrupted_manufacturers': [], 'fda_announcement': None}, {'period': 3, 'total_demand': 1.2, 'total_supply': 0.9, 'shortage_amount': 0.29999999999999993, 'unsold': 0, 'shortage_percentage': 0.24999999999999994, 'disrupted_manufacturers': [1], 'fda_announcement': 'The FDA is aware of the emerging market conditions affecting supply. We encourage manufacturers to report any disruptions and maintain transparent communication. Current supply is adequate, but we will continue to monitor the situation closely.'}]",0.25,0.0625,1,,3.9,4.42,2
gt_id_34,37d17408,0,1,2,4,0.05,0.2,"[{'period': 0, 'total_demand': 1.0, 'total_supply': 1.0, 'shortage_amount': 0, 'unsold': 0.0, 'shortage_percentage': 0.0, 'disrupted_manufacturers': [], 'fda_announcement': None}, {'period': 1, 'total_demand': 1.0, 'total_supply': 1.0, 'shortage_amount': 0, 'unsold': 0.0, 'shortage_percentage': 0.0, 'disrupted_manufacturers': [], 'fda_announcement': None}, {'period': 2, 'total_demand': 1.0, 'total_supply': 1.0, 'shortage_amount': 0, 'unsold': 0.0, 'shortage_percentage': 0.0, 'disrupted_manufacturers': [], 'fda_announcement': None}, {'period': 3, 'total_demand': 1.2, 'total_supply': 0.9, 'shortage_amount': 0.29999999999999993, 'unsold': 0, 'shortage_percentage': 0.24999999999999994, 'disrupted_manufacturers': [0], 'fda_announcement': None}]",0.25,0.0625,1,,3.9,4.42,0
gt_id_35,16eca803,0,1,3,4,0.05,0.2,"[{'period': 0, 'total_demand': 1.2, 'total_supply': 0.9333333333333333, 'shortage_amount': 0.2666666666666666, 'unsold': 0, 'shortage_percentage': 0.22222222222222218, 'disrupted_manufacturers': [2], 'fda_announcement': 'The FDA is closely monitoring the emerging drug shortage. We encourage manufacturers and stakeholders to report any disruptions and coordinate efforts to maintain supply stability.'}, {'period': 1, 'total_demand': 1.1, 'total_supply': 0.9333333333333333, 'shortage_amount': 0.16666666666666674, 'unsold': 0, 'shortage_percentage': 0.15151515151515157, 'disrupted_manufacturers': [], 'fda_announcement': 'The FDA is closely monitoring the current market conditions for the product. Manufacturers and stakeholders are encouraged to report any disruptions. Patient access remains a priority.'}, {'period': 2, 'total_demand': 1.2, 'total_supply': 0.9333333333333333, 'shortage_amount': 0.2666666666666666, 'unsold': 0, 'shortage_percentage': 0.22222222222222218, 'disrupted_manufacturers': [], 'fda_announcement': 'The FDA is closely monitoring the emerging shortage situation. We encourage manufacturers to voluntarily report any disruptions and for stakeholders to remain informed through our channels.'}, {'period': 3, 'total_demand': 1.2, 'total_supply': 0.9333333333333333, 'shortage_amount': 0.2666666666666666, 'unsold': 0, 'shortage_percentage': 0.22222222222222218, 'disrupted_manufacturers': [], 'fda_announcement': 'The FDA is aware of emerging supply issues for certain medications. We encourage manufacturers and healthcare providers to provide updates on supply levels to ensure continued patient access.'}]",0.222222222,0.204545455,4,,3.733333333,4.93,4
gt_id_39,fcf84f65,0,1,3,4,0.05,0.2,"[{'period': 0, 'total_demand': 1.0, 'total_supply': 1.0, 'shortage_amount': 0, 'unsold': 0.0, 'shortage_percentage': 0.0, 'disrupted_manufacturers': [], 'fda_announcement': None}, {'period': 1, 'total_demand': 1.0, 'total_supply': 1.0, 'shortage_amount': 0, 'unsold': 0.0, 'shortage_percentage': 0.0, 'disrupted_manufacturers': [], 'fda_announcement': None}, {'period': 2, 'total_demand': 1.0, 'total_supply': 1.0, 'shortage_amount': 0, 'unsold': 0.0, 'shortage_percentage': 0.0, 'disrupted_manufacturers': [], 'fda_announcement': None}, {'period': 3, 'total_demand': 1.0, 'total_supply': 1.0, 'shortage_amount': 0, 'unsold': 0.0, 'shortage_percentage': 0.0, 'disrupted_manufacturers': [], 'fda_announcement': None}]",0,0,0,,4,4.2,0
gt_id_40,92cbd108,0,1,5,4,0.05,0.2,"[{'period': 0, 'total_demand': 1.0, 'total_supply': 1.0, 'shortage_amount': 0, 'unsold': 0.0, 'shortage_percentage': 0.0, 'disrupted_manufacturers': [], 'fda_announcement': None}, {'period': 1, 'total_demand': 1.2, 'total_supply': 0.9600000000000001, 'shortage_amount': 0.23999999999999988, 'unsold': 0, 'shortage_percentage': 0.1999999999999999, 'disrupted_manufacturers': [4], 'fda_announcement': 'The FDA is monitoring the emerging shortage and encourages all stakeholders to report any supply chain issues voluntarily.'}, {'period': 2, 'total_demand': 1.2, 'total_supply': 0.9900000000000001, 'shortage_amount': 0.20999999999999985, 'unsold': 0, 'shortage_percentage': 0.17499999999999988, 'disrupted_manufacturers': [4], 'fda_announcement': 'The FDA is monitoring an emerging supply issue of the affected drug. We encourage manufacturers to report any expected disruptions and buyers to refrain from unnecessary stockpiling.'}, {'period': 3, 'total_demand': 1.2, 'total_supply': 0.9900000000000001, 'shortage_amount': 0.20999999999999985, 'unsold': 0, 'shortage_percentage': 0.17499999999999988, 'disrupted_manufacturers': [], 'fda_announcement': 'The FDA is aware of emerging concerns regarding the supply of the affected drug. We are actively monitoring the situation and encourage manufacturers and healthcare providers to voluntarily report any supply disruptions.'}]",0.2,0.1375,3,,3.864,4.851,3
gt_id_41,7.58E+38,0,1,3,8,0.05,0.2,"[{'period': 0, 'total_demand': 1.0, 'total_supply': 1.0, 'shortage_amount': 0, 'unsold': 0.0, 'shortage_percentage': 0.0, 'disrupted_manufacturers': [], 'fda_announcement': None}, {'period': 1, 'total_demand': 1.0, 'total_supply': 1.0, 'shortage_amount': 0, 'unsold': 0.0, 'shortage_percentage': 0.0, 'disrupted_manufacturers': [], 'fda_announcement': None}, {'period': 2, 'total_demand': 1.0, 'total_supply': 1.0, 'shortage_amount': 0, 'unsold': 0.0, 'shortage_percentage': 0.0, 'disrupted_manufacturers': [], 'fda_announcement': None}, {'period': 3, 'total_demand': 1.0, 'total_supply': 1.0, 'shortage_amount': 0, 'unsold': 0.0, 'shortage_percentage': 0.0, 'disrupted_manufacturers': [], 'fda_announcement': None}, {'period': 4, 'total_demand': 1.0, 'total_supply': 1.0, 'shortage_amount': 0, 'unsold': 0.0, 'shortage_percentage': 0.0, 'disrupted_manufacturers': [], 'fda_announcement': None}, {'period': 5, 'total_demand': 1.0, 'total_supply': 1.0, 'shortage_amount': 0, 'unsold': 0.0, 'shortage_percentage': 0.0, 'disrupted_manufacturers': [], 'fda_announcement': None}, {'period': 6, 'total_demand': 1.2, 'total_supply': 0.9333333333333333, 'shortage_amount': 0.2666666666666666, 'unsold': 0, 'shortage_percentage': 0.22222222222222218, 'disrupted_manufacturers': [0], 'fda_announcement': None}, {'period': 7, 'total_demand': 1.3, 'total_supply': 0.8666666666666667, 'shortage_amount': 0.43333333333333335, 'unsold': 0, 'shortage_percentage': 0.3333333333333333, 'disrupted_manufacturers': [0, 1], 'fda_announcement': 'The FDA is closely monitoring the emerging drug shortage and encourages manufacturers to voluntarily report supply disruptions. We are prepared to assist in coordinating efforts to stabilize the market.'}]",0.333333333,0.069444444,2,,7.8,8.943333333,1
gt_id_42,5a16c612,0,1,2,4,0.05,0.2,"[{'period': 0, 'total_demand': 1.0, 'total_supply': 1.0, 'shortage_amount': 0, 'unsold': 0.0, 'shortage_percentage': 0.0, 'disrupted_manufacturers': [], 'fda_announcement': None}, {'period': 1, 'total_demand': 1.0, 'total_supply': 1.0, 'shortage_amount': 0, 'unsold': 0.0, 'shortage_percentage': 0.0, 'disrupted_manufacturers': [], 'fda_announcement': None}, {'period': 2, 'total_demand': 1.0, 'total_supply': 1.0, 'shortage_amount': 0, 'unsold': 0.0, 'shortage_percentage': 0.0, 'disrupted_manufacturers': [], 'fda_announcement': None}, {'period': 3, 'total_demand': 1.0, 'total_supply': 1.0, 'shortage_amount': 0, 'unsold': 0.0, 'shortage_percentage': 0.0, 'disrupted_manufacturers': [], 'fda_announcement': None}]",0,0,0,,4,4.2,0
gt_id_43,1efe5755,0,1,5,4,0.05,0.2,"[{'period': 0, 'total_demand': 1.0, 'total_supply': 0.9600000000000001, 'shortage_amount': 0.039999999999999925, 'unsold': 0, 'shortage_percentage': 0.039999999999999925, 'disrupted_manufacturers': [2], 'fda_announcement': None}, {'period': 1, 'total_demand': 1.0, 'total_supply': 0.9600000000000001, 'shortage_amount': 0.039999999999999925, 'unsold': 0, 'shortage_percentage': 0.039999999999999925, 'disrupted_manufacturers': [2], 'fda_announcement': None}, {'period': 2, 'total_demand': 1.1, 'total_supply': 0.9600000000000001, 'shortage_amount': 0.14, 'unsold': 0, 'shortage_percentage': 0.1272727272727273, 'disrupted_manufacturers': [2], 'fda_announcement': 'The FDA is aware of a minor manufacturer disruption. We are closely monitoring the situation to ensure continued market stability and encourage stakeholders to report any supply chain concerns.'}, {'period': 3, 'total_demand': 1.5, 'total_supply': 0.9200000000000002, 'shortage_amount': 0.5799999999999998, 'unsold': 0, 'shortage_percentage': 0.38666666666666655, 'disrupted_manufacturers': [0, 2], 'fda_announcement': 'The FDA is closely monitoring the emerging drug shortage. Manufacturers and stakeholders are encouraged to report any supply issues. Coordination efforts are ongoing.'}]",0.386666667,0.148484848,4,,3.71,4.836,2
gt_id_44,d7b12813,0,1,5,8,0.05,0.2,"[{'period': 0, 'total_demand': 1.0, 'total_supply': 1.0, 'shortage_amount': 0, 'unsold': 0.0, 'shortage_percentage': 0.0, 'disrupted_manufacturers': [], 'fda_announcement': None}, {'period': 1, 'total_demand': 1.0, 'total_supply': 1.0, 'shortage_amount': 0, 'unsold': 0.0, 'shortage_percentage': 0.0, 'disrupted_manufacturers': [], 'fda_announcement': None}, {'period': 2, 'total_demand': 1.0, 'total_supply': 1.0, 'shortage_amount': 0, 'unsold': 0.0, 'shortage_percentage': 0.0, 'disrupted_manufacturers': [], 'fda_announcement': None}, {'period': 3, 'total_demand': 1.0, 'total_supply': 1.0, 'shortage_amount': 0, 'unsold': 0.0, 'shortage_percentage': 0.0, 'disrupted_manufacturers': [], 'fda_announcement': None}, {'period': 4, 'total_demand': 1.2, 'total_supply': 0.9200000000000002, 'shortage_amount': 0.2799999999999998, 'unsold': 0, 'shortage_percentage': 0.23333333333333317, 'disrupted_manufacturers': [0, 3], 'fda_announcement': 'The FDA is aware of early indicators of potential supply issues with certain drug products. We encourage manufacturers and stakeholders to voluntarily report any disruptions or challenges to support timely resolutions.'}, {'period': 5, 'total_demand': 1.5, 'total_supply': 0.8800000000000001, 'shortage_amount': 0.6199999999999999, 'unsold': 0, 'shortage_percentage': 0.4133333333333333, 'disrupted_manufacturers': [0, 2, 3], 'fda_announcement': 'The FDA has identified an emerging shortage of critical medications due to manufacturer disruptions. We are actively working with stakeholders to coordinate production efforts. Healthcare providers are encouraged to report any supply challenges. Patient safety remains our highest priority.'}, {'period': 6, 'total_demand': 1.5, 'total_supply': 0.9400000000000002, 'shortage_amount': 0.5599999999999998, 'unsold': 0, 'shortage_percentage': 0.37333333333333324, 'disrupted_manufacturers': [0, 2, 3], 'fda_announcement': 'The FDA is issuing an alert regarding an emerging drug shortage. We are coordinating with manufacturers to address supply disruptions. Health care providers are advised to conserve and prioritize uses based on medical necessity.'}, {'period': 7, 'total_demand': 1.5, 'total_supply': 1.078, 'shortage_amount': 0.42199999999999993, 'unsold': 0.07800000000000007, 'shortage_percentage': 0.28133333333333327, 'disrupted_manufacturers': [0, 2], 'fda_announcement': 'The FDA acknowledges the emerging drug shortage and advises coordination amongst stakeholders. We urge manufacturers to accelerate production and resources for impacted patients. Voluntary reporting on supply updates is encouraged to mitigate impact.'}]",0.413333333,0.162666667,4,,7.695,10.216,4
gt_id_45,702d5c72,0,1,3,9,0.05,0.2,"[{'period': 0, 'total_demand': 1.0, 'total_supply': 1.0, 'shortage_amount': 0, 'unsold': 0.0, 'shortage_percentage': 0.0, 'disrupted_manufacturers': [], 'fda_announcement': None}, {'period': 1, 'total_demand': 1.0, 'total_supply': 1.0, 'shortage_amount': 0, 'unsold': 0.0, 'shortage_percentage': 0.0, 'disrupted_manufacturers': [], 'fda_announcement': None}, {'period': 2, 'total_demand': 1.0, 'total_supply': 1.0, 'shortage_amount': 0, 'unsold': 0.0, 'shortage_percentage': 0.0, 'disrupted_manufacturers': [], 'fda_announcement': None}, {'period': 3, 'total_demand': 1.0, 'total_supply': 1.0, 'shortage_amount': 0, 'unsold': 0.0, 'shortage_percentage': 0.0, 'disrupted_manufacturers': [], 'fda_announcement': None}, {'period': 4, 'total_demand': 1.0, 'total_supply': 1.0, 'shortage_amount': 0, 'unsold': 0.0, 'shortage_percentage': 0.0, 'disrupted_manufacturers': [], 'fda_announcement': None}, {'period': 5, 'total_demand': 1.0, 'total_supply': 1.0, 'shortage_amount': 0, 'unsold': 0.0, 'shortage_percentage': 0.0, 'disrupted_manufacturers': [], 'fda_announcement': None}, {'period': 6, 'total_demand': 1.0, 'total_supply': 1.0, 'shortage_amount': 0, 'unsold': 0.0, 'shortage_percentage': 0.0, 'disrupted_manufacturers': [], 'fda_announcement': None}, {'period': 7, 'total_demand': 1.0, 'total_supply': 1.0, 'shortage_amount': 0, 'unsold': 0.0, 'shortage_percentage': 0.0, 'disrupted_manufacturers': [], 'fda_announcement': None}, {'period': 8, 'total_demand': 1.0, 'total_supply': 1.0, 'shortage_amount': 0, 'unsold': 0.0, 'shortage_percentage': 0.0, 'disrupted_manufacturers': [], 'fda_announcement': None}]",0,0,0,,9,9.45,0
gt_id_46,4e8579e5,0,1,2,5,0.05,0.2,"[{'period': 0, 'total_demand': 1.1, 'total_supply': 1.0, 'shortage_amount': 0.10000000000000009, 'unsold': 0.0, 'shortage_percentage': 0.09090909090909098, 'disrupted_manufacturers': [], 'fda_announcement': None}, {'period': 1, 'total_demand': 1.2, 'total_supply': 1.0, 'shortage_amount': 0.19999999999999996, 'unsold': 0.0, 'shortage_percentage': 0.16666666666666663, 'disrupted_manufacturers': [], 'fda_announcement': 'The FDA is aware of emerging supply imbalances in the market for the specified drug. We are monitoring the situation closely and encourage manufacturers and health care providers to report any supply disruptions or challenges.'}, {'period': 2, 'total_demand': 1.1, 'total_supply': 1.1, 'shortage_amount': 0, 'unsold': 0.10000000000000009, 'shortage_percentage': 0.0, 'disrupted_manufacturers': [], 'fda_announcement': None}, {'period': 3, 'total_demand': 1.2, 'total_supply': 1.2, 'shortage_amount': 0, 'unsold': 0.19999999999999996, 'shortage_percentage': 0.0, 'disrupted_manufacturers': [1], 'fda_announcement': 'The FDA is currently monitoring an emerging drug shortage. We encourage manufacturers and healthcare providers to report supply changes. We will continue assessing the situation and provide updates as needed.'}, {'period': 4, 'total_demand': 1.2, 'total_supply': 1.2, 'shortage_amount': 0, 'unsold': 0.19999999999999996, 'shortage_percentage': 0.0, 'disrupted_manufacturers': [1], 'fda_announcement': 'The FDA is aware of emerging supply concerns for the affected product. We are monitoring the situation closely and encourage healthcare providers and stakeholders to report any disruptions. At present, supply remains adequate and stable.'}]",0.166666667,0.051515152,2,2,5.175,6.17,3
gt_id_49,30989ec5,0,1,2,4,0.05,0.2,"[{'period': 0, 'total_demand': 1.0, 'total_supply': 1.0, 'shortage_amount': 0, 'unsold': 0.0, 'shortage_percentage': 0.0, 'disrupted_manufacturers': [], 'fda_announcement': None}, {'period': 1, 'total_demand': 1.0, 'total_supply': 1.0, 'shortage_amount': 0, 'unsold': 0.0, 'shortage_percentage': 0.0, 'disrupted_manufacturers': [], 'fda_announcement': None}, {'period': 2, 'total_demand': 1.0, 'total_supply': 1.0, 'shortage_amount': 0, 'unsold': 0.0, 'shortage_percentage': 0.0, 'disrupted_manufacturers': [], 'fda_announcement': None}, {'period': 3, 'total_demand': 1.0, 'total_supply': 1.0, 'shortage_amount': 0, 'unsold': 0.0, 'shortage_percentage': 0.0, 'disrupted_manufacturers': [], 'fda_announcement': None}]",0,0,0,,4,4.2,0
gt_id_51,751cd6a8,0,1,2,9,0.05,0.2,"[{'period': 0, 'total_demand': 1.0, 'total_supply': 1.0, 'shortage_amount': 0, 'unsold': 0.0, 'shortage_percentage': 0.0, 'disrupted_manufacturers': [], 'fda_announcement': None}, {'period': 1, 'total_demand': 1.0, 'total_supply': 1.0, 'shortage_amount': 0, 'unsold': 0.0, 'shortage_percentage': 0.0, 'disrupted_manufacturers': [], 'fda_announcement': None}, {'period': 2, 'total_demand': 1.0, 'total_supply': 1.0, 'shortage_amount': 0, 'unsold': 0.0, 'shortage_percentage': 0.0, 'disrupted_manufacturers': [], 'fda_announcement': None}, {'period': 3, 'total_demand': 1.0, 'total_supply': 1.0, 'shortage_amount': 0, 'unsold': 0.0, 'shortage_percentage': 0.0, 'disrupted_manufacturers': [], 'fda_announcement': None}, {'period': 4, 'total_demand': 1.0, 'total_supply': 1.0, 'shortage_amount': 0, 'unsold': 0.0, 'shortage_percentage': 0.0, 'disrupted_manufacturers': [], 'fda_announcement': None}, {'period': 5, 'total_demand': 1.2, 'total_supply': 0.9, 'shortage_amount': 0.29999999999999993, 'unsold': 0, 'shortage_percentage': 0.24999999999999994, 'disrupted_manufacturers': [1], 'fda_announcement': 'The FDA is aware of the emerging disruption with one manufacturer. We encourage all stakeholders to report any supply status updates for better coordination.'}, {'period': 6, 'total_demand': 1.1, 'total_supply': 0.9, 'shortage_amount': 0.20000000000000007, 'unsold': 0, 'shortage_percentage': 0.18181818181818185, 'disrupted_manufacturers': [], 'fda_announcement': None}, {'period': 7, 'total_demand': 1.0, 'total_supply': 0.9, 'shortage_amount': 0.09999999999999998, 'unsold': 0, 'shortage_percentage': 0.09999999999999998, 'disrupted_manufacturers': [], 'fda_announcement': None}, {'period': 8, 'total_demand': 1.2, 'total_supply': 0.9, 'shortage_amount': 0.29999999999999993, 'unsold': 0, 'shortage_percentage': 0.24999999999999994, 'disrupted_manufacturers': [], 'fda_announcement': 'The FDA is currently monitoring an emerging shortage. We encourage stakeholders to report any supply issues they encounter to facilitate proactive management.'}]",0.25,0.086868687,4,,8.6,9.94,2
gt_id_52,feaaa3ef,0,1,5,10,0.05,0.2,"[{'period': 0, 'total_demand': 1.1, 'total_supply': 1.0, 'shortage_amount': 0.10000000000000009, 'unsold': 0.0, 'shortage_percentage': 0.09090909090909098, 'disrupted_manufacturers': [], 'fda_announcement': None}, {'period': 1, 'total_demand': 1.2, 'total_supply': 0.9600000000000001, 'shortage_amount': 0.23999999999999988, 'unsold': 0, 'shortage_percentage': 0.1999999999999999, 'disrupted_manufacturers': [3], 'fda_announcement': 'The FDA is aware of the emerging shortage situation and is closely monitoring the market conditions. We encourage manufacturers and stakeholders to report any changes in production or supply disruptions.'}, {'period': 2, 'total_demand': 1.2, 'total_supply': 1.1700000000000002, 'shortage_amount': 0.029999999999999805, 'unsold': 0.17000000000000015, 'shortage_percentage': 0.02499999999999984, 'disrupted_manufacturers': [3], 'fda_announcement': 'The FDA is actively monitoring the emerging shortage and encourages manufacturers to report capacity constraints. Stakeholders are advised to coordinate efforts to address potential supply disruptions.'}, {'period': 3, 'total_demand': 1.2, 'total_supply': 1.094, 'shortage_amount': 0.10599999999999987, 'unsold': 0.09400000000000008, 'shortage_percentage': 0.08833333333333324, 'disrupted_manufacturers': [0], 'fda_announcement': 'The FDA is aware of emerging supply disruptions affecting a specific manufacturer. We are closely monitoring the situation and encourage stakeholders to report any significant supply difficulties. At this time, the supply remains adequate.'}, {'period': 4, 'total_demand': 1.2, 'total_supply': 1.094, 'shortage_amount': 0.10599999999999987, 'unsold': 0.09400000000000008, 'shortage_percentage': 0.08833333333333324, 'disrupted_manufacturers': [0], 'fda_announcement': None}, {'period': 5, 'total_demand': 1.1, 'total_supply': 1.028, 'shortage_amount': 0.07200000000000006, 'unsold': 0.028000000000000025, 'shortage_percentage': 0.0654545454545455, 'disrupted_manufacturers': [], 'fda_announcement': None}, {'period': 6, 'total_demand': 1.0, 'total_supply': 0.9600000000000001, 'shortage_amount': 0.039999999999999925, 'unsold': 0, 'shortage_percentage': 0.039999999999999925, 'disrupted_manufacturers': [], 'fda_announcement': None}, {'period': 7, 'total_demand': 1.0, 'total_supply': 0.9600000000000001, 'shortage_amount': 0.039999999999999925, 'unsold': 0, 'shortage_percentage': 0.039999999999999925, 'disrupted_manufacturers': [], 'fda_announcement': None}, {'period': 8, 'total_demand': 1.2, 'total_supply': 1.1365, 'shortage_amount': 0.06349999999999989, 'unsold': 0.13650000000000007, 'shortage_percentage': 0.05291666666666658, 'disrupted_manufacturers': [3], 'fda_announcement': 'The FDA is aware of emerging supply constraints for certain medications and is closely monitoring the situation. We encourage manufacturers and healthcare providers to report any disruptions.'}, {'period': 9, 'total_demand': 1.2, 'total_supply': 1.1365, 'shortage_amount': 0.06349999999999989, 'unsold': 0.13650000000000007, 'shortage_percentage': 0.05291666666666658, 'disrupted_manufacturers': [3], 'fda_announcement': 'The FDA is aware of emerging supply issues with certain medications. We encourage manufacturers and stakeholders to continue voluntary reporting of supply status to ensure patient needs are met.'}]",0.2,0.074386364,10,,10.34125,12.23525,5
gt_id_53,55b8d6e3,0,1,2,6,0.05,0.2,"[{'period': 0, 'total_demand': 1.0, 'total_supply': 1.0, 'shortage_amount': 0, 'unsold': 0.0, 'shortage_percentage': 0.0, 'disrupted_manufacturers': [], 'fda_announcement': None}, {'period': 1, 'total_demand': 1.0, 'total_supply': 0.9, 'shortage_amount': 0.09999999999999998, 'unsold': 0, 'shortage_percentage': 0.09999999999999998, 'disrupted_manufacturers': [1], 'fda_announcement': 'The FDA is aware of a disruption affecting one manufacturer but overall market supply remains stable. We encourage voluntary reporting of any potential issues and continue to monitor closely.'}, {'period': 2, 'total_demand': 1.4, 'total_supply': 0.8, 'shortage_amount': 0.5999999999999999, 'unsold': 0, 'shortage_percentage': 0.4285714285714285, 'disrupted_manufacturers': [0, 1], 'fda_announcement': 'The FDA is aware of emerging supply disruptions in the market, with two manufacturers experiencing issues. We encourage voluntary reporting from stakeholders to better assess the situation and coordinate a response if needed.'}, {'period': 3, 'total_demand': 1.5, 'total_supply': 0.8, 'shortage_amount': 0.7, 'unsold': 0, 'shortage_percentage': 0.4666666666666666, 'disrupted_manufacturers': [0], 'fda_announcement': 'The FDA is closely monitoring an emerging drug shortage situation. We encourage manufacturers and healthcare providers to report any disruptions or supply concerns to facilitate effective coordination.'}, {'period': 4, 'total_demand': 1.5, 'total_supply': 0.7200000000000001, 'shortage_amount': 0.7799999999999999, 'unsold': 0, 'shortage_percentage': 0.5199999999999999, 'disrupted_manufacturers': [0], 'fda_announcement': 'The FDA is closely monitoring an emerging drug shortage situation. We encourage stakeholders to report supply issues and cooperate to ensure continued patient access.'}, {'period': 5, 'total_demand': 1.3, 'total_supply': 0.7600000000000001, 'shortage_amount': 0.5399999999999999, 'unsold': 0, 'shortage_percentage': 0.4153846153846153, 'disrupted_manufacturers': [1], 'fda_announcement': 'The FDA is aware of emerging supply disruptions in the market. We encourage manufacturers to report production updates and collaborate with stakeholders for expedited resolution.'}]",0.52,0.321770452,5,,4.812,8.082,5
gt_id_56,b737432c,0,1,8,4,0.05,0.2,"[{'period': 0, 'total_demand': 1.1, 'total_supply': 1.0, 'shortage_amount': 0.10000000000000009, 'unsold': 0.0, 'shortage_percentage': 0.09090909090909098, 'disrupted_manufacturers': [], 'fda_announcement': None}, {'period': 1, 'total_demand': 1.1, 'total_supply': 1.0, 'shortage_amount': 0.10000000000000009, 'unsold': 0.0, 'shortage_percentage': 0.09090909090909098, 'disrupted_manufacturers': [], 'fda_announcement': None}, {'period': 2, 'total_demand': 1.1, 'total_supply': 1.0, 'shortage_amount': 0.10000000000000009, 'unsold': 0.0, 'shortage_percentage': 0.09090909090909098, 'disrupted_manufacturers': [], 'fda_announcement': None}, {'period': 3, 'total_demand': 1.3, 'total_supply': 0.95, 'shortage_amount': 0.3500000000000001, 'unsold': 0, 'shortage_percentage': 0.2692307692307693, 'disrupted_manufacturers': [4, 5], 'fda_announcement': 'The FDA is aware of emerging shortages in specific markets. We encourage manufacturers and stakeholders to report supply data to help us coordinate solutions.'}]",0.269230769,0.13548951,4,,3.921875,4.86,1
gt_id_57,61803a2f,0,1,2,5,0.05,0.2,"[{'period': 0, 'total_demand': 1.0, 'total_supply': 1.0, 'shortage_amount': 0, 'unsold': 0.0, 'shortage_percentage': 0.0, 'disrupted_manufacturers': [], 'fda_announcement': None}, {'period': 1, 'total_demand': 1.0, 'total_supply': 1.0, 'shortage_amount': 0, 'unsold': 0.0, 'shortage_percentage': 0.0, 'disrupted_manufacturers': [], 'fda_announcement': None}, {'period': 2, 'total_demand': 1.0, 'total_supply': 1.0, 'shortage_amount': 0, 'unsold': 0.0, 'shortage_percentage': 0.0, 'disrupted_manufacturers': [], 'fda_announcement': None}, {'period': 3, 'total_demand': 1.0, 'total_supply': 1.0, 'shortage_amount': 0, 'unsold': 0.0, 'shortage_percentage': 0.0, 'disrupted_manufacturers': [], 'fda_announcement': None}, {'period': 4, 'total_demand': 1.0, 'total_supply': 1.0, 'shortage_amount': 0, 'unsold': 0.0, 'shortage_percentage': 0.0, 'disrupted_manufacturers': [], 'fda_announcement': None}]",0,0,0,,5,5.25,0
gt_id_59,0c72b817,0,1,2,6,0.05,0.2,"[{'period': 0, 'total_demand': 1.1, 'total_supply': 1.0, 'shortage_amount': 0.10000000000000009, 'unsold': 0.0, 'shortage_percentage': 0.09090909090909098, 'disrupted_manufacturers': [], 'fda_announcement': None}, {'period': 1, 'total_demand': 1.2, 'total_supply': 1.0, 'shortage_amount': 0.19999999999999996, 'unsold': 0.0, 'shortage_percentage': 0.16666666666666663, 'disrupted_manufacturers': [], 'fda_announcement': 'The FDA is monitoring the emerging shortage situation and encourages stakeholders to voluntarily report production and supply data to assist in ongoing assessments.'}, {'period': 2, 'total_demand': 1.2, 'total_supply': 1.05, 'shortage_amount': 0.1499999999999999, 'unsold': 0.050000000000000044, 'shortage_percentage': 0.12499999999999993, 'disrupted_manufacturers': [1], 'fda_announcement': 'The FDA is aware of emerging supply issues regarding a medication. At present, supply remains adequate and market conditions are stable. We will continue to monitor the situation closely. Manufacturers and healthcare providers are encouraged to report any significant changes in supply to facilitate timely responses.'}, {'period': 3, 'total_demand': 1.1, 'total_supply': 0.9500000000000001, 'shortage_amount': 0.15000000000000002, 'unsold': 0, 'shortage_percentage': 0.13636363636363638, 'disrupted_manufacturers': [], 'fda_announcement': 'The FDA is aware of emerging supply dynamics in the market. At this time, supply remains adequate and market conditions are stable. We encourage any voluntary reporting of disruptions.'}, {'period': 4, 'total_demand': 1.2, 'total_supply': 1.0, 'shortage_amount': 0.19999999999999996, 'unsold': 0.0, 'shortage_percentage': 0.16666666666666663, 'disrupted_manufacturers': [], 'fda_announcement': 'The FDA is aware of emerging supply concerns for the specified medication. At present, supply levels remain adequate and market conditions are stable. We are closely monitoring the situation and encourage manufacturers and healthcare providers to report any significant changes in supply or demand.'}, {'period': 5, 'total_demand': 1.1, 'total_supply': 0.9500000000000001, 'shortage_amount': 0.15000000000000002, 'unsold': 0, 'shortage_percentage': 0.13636363636363638, 'disrupted_manufacturers': [], 'fda_announcement': None}]",0.166666667,0.136994949,6,,5.875,7.295,4
gt_id_62,f44959b7,0,1,2,4,0.05,0.2,"[{'period': 0, 'total_demand': 1.0, 'total_supply': 1.0, 'shortage_amount': 0, 'unsold': 0.0, 'shortage_percentage': 0.0, 'disrupted_manufacturers': [], 'fda_announcement': None}, {'period': 1, 'total_demand': 1.0, 'total_supply': 1.0, 'shortage_amount': 0, 'unsold': 0.0, 'shortage_percentage': 0.0, 'disrupted_manufacturers': [], 'fda_announcement': None}, {'period': 2, 'total_demand': 1.0, 'total_supply': 1.0, 'shortage_amount': 0, 'unsold': 0.0, 'shortage_percentage': 0.0, 'disrupted_manufacturers': [], 'fda_announcement': None}, {'period': 3, 'total_demand': 1.1, 'total_supply': 1.0, 'shortage_amount': 0.10000000000000009, 'unsold': 0.0, 'shortage_percentage': 0.09090909090909098, 'disrupted_manufacturers': [], 'fda_announcement': None}]",0.090909091,0.022727273,1,,4,4.31,0
gt_id_65,0a2985f9,0,1,5,8,0.05,0.2,"[{'period': 0, 'total_demand': 1.0, 'total_supply': 1.0, 'shortage_amount': 0, 'unsold': 0.0, 'shortage_percentage': 0.0, 'disrupted_manufacturers': [], 'fda_announcement': None}, {'period': 1, 'total_demand': 1.0, 'total_supply': 1.0, 'shortage_amount': 0, 'unsold': 0.0, 'shortage_percentage': 0.0, 'disrupted_manufacturers': [], 'fda_announcement': None}, {'period': 2, 'total_demand': 1.1, 'total_supply': 1.0, 'shortage_amount': 0.10000000000000009, 'unsold': 0.0, 'shortage_percentage': 0.09090909090909098, 'disrupted_manufacturers': [], 'fda_announcement': None}, {'period': 3, 'total_demand': 1.1, 'total_supply': 1.0, 'shortage_amount': 0.10000000000000009, 'unsold': 0.0, 'shortage_percentage': 0.09090909090909098, 'disrupted_manufacturers': [], 'fda_announcement': None}, {'period': 4, 'total_demand': 1.0, 'total_supply': 1.0, 'shortage_amount': 0, 'unsold': 0.0, 'shortage_percentage': 0.0, 'disrupted_manufacturers': [], 'fda_announcement': None}, {'period': 5, 'total_demand': 1.0, 'total_supply': 1.0, 'shortage_amount': 0, 'unsold': 0.0, 'shortage_percentage': 0.0, 'disrupted_manufacturers': [], 'fda_announcement': None}, {'period': 6, 'total_demand': 1.0, 'total_supply': 1.0, 'shortage_amount': 0, 'unsold': 0.0, 'shortage_percentage': 0.0, 'disrupted_manufacturers': [], 'fda_announcement': None}, {'period': 7, 'total_demand': 1.0, 'total_supply': 1.0, 'shortage_amount': 0, 'unsold': 0.0, 'shortage_percentage': 0.0, 'disrupted_manufacturers': [], 'fda_announcement': None}]",0.090909091,0.022727273,2,4,7.985,8.62,0
gt_id_67,405cdfd6,0,1,2,4,0.05,0.2,"[{'period': 0, 'total_demand': 1.0, 'total_supply': 1.0, 'shortage_amount': 0, 'unsold': 0.0, 'shortage_percentage': 0.0, 'disrupted_manufacturers': [], 'fda_announcement': None}, {'period': 1, 'total_demand': 1.0, 'total_supply': 1.0, 'shortage_amount': 0, 'unsold': 0.0, 'shortage_percentage': 0.0, 'disrupted_manufacturers': [], 'fda_announcement': None}, {'period': 2, 'total_demand': 1.0, 'total_supply': 1.0, 'shortage_amount': 0, 'unsold': 0.0, 'shortage_percentage': 0.0, 'disrupted_manufacturers': [], 'fda_announcement': None}, {'period': 3, 'total_demand': 1.0, 'total_supply': 1.0, 'shortage_amount': 0, 'unsold': 0.0, 'shortage_percentage': 0.0, 'disrupted_manufacturers': [], 'fda_announcement': None}]",0,0,0,,4,4.2,0
gt_id_69,ec6d85fe,0,1,7,10,0.05,0.2,"[{'period': 0, 'total_demand': 1.2, 'total_supply': 0.9714285714285714, 'shortage_amount': 0.22857142857142854, 'unsold': 0, 'shortage_percentage': 0.19047619047619047, 'disrupted_manufacturers': [0], 'fda_announcement': 'The FDA is aware of emerging supply constraints in the market. While the current supply is adequate, we encourage manufacturers and stakeholders to report any updates in production disruptions.'}, {'period': 1, 'total_demand': 1.5, 'total_supply': 0.9714285714285714, 'shortage_amount': 0.5285714285714286, 'unsold': 0, 'shortage_percentage': 0.3523809523809524, 'disrupted_manufacturers': [0], 'fda_announcement': 'The FDA is aware of an emerging shortage for this medication. We encourage manufacturers and healthcare providers to report supply challenges while we monitor the situation closely.'}, {'period': 2, 'total_demand': 1.4, 'total_supply': 1.1928785714285712, 'shortage_amount': 0.20712142857142868, 'unsold': 0.19287857142857123, 'shortage_percentage': 0.14794387755102048, 'disrupted_manufacturers': [0], 'fda_announcement': 'The FDA is aware of an emerging shortage in the market. We encourage manufacturers to report any disruptions and stakeholders to collaborate in managing resources.'}, {'period': 3, 'total_demand': 1.1, 'total_supply': 1.0571428571428574, 'shortage_amount': 0.042857142857142705, 'unsold': 0.057142857142857384, 'shortage_percentage': 0.03896103896103882, 'disrupted_manufacturers': [], 'fda_announcement': None}, {'period': 4, 'total_demand': 1.1, 'total_supply': 1.0571428571428574, 'shortage_amount': 0.042857142857142705, 'unsold': 0.057142857142857384, 'shortage_percentage': 0.03896103896103882, 'disrupted_manufacturers': [], 'fda_announcement': None}, {'period': 5, 'total_demand': 1.3, 'total_supply': 1.1788357142857142, 'shortage_amount': 0.12116428571428584, 'unsold': 0.1788357142857142, 'shortage_percentage': 0.09320329670329679, 'disrupted_manufacturers': [3], 'fda_announcement': 'The FDA is closely monitoring the supply situation of this medication and encourages manufacturers and stakeholders to report any expected disruptions.'}, {'period': 6, 'total_demand': 1.1, 'total_supply': 1.0507771428571429, 'shortage_amount': 0.049222857142857235, 'unsold': 0.050777142857142854, 'shortage_percentage': 0.04474805194805203, 'disrupted_manufacturers': [3], 'fda_announcement': None}, {'period': 7, 'total_demand': 1.2, 'total_supply': 1.118242380952381, 'shortage_amount': 0.08175761904761902, 'unsold': 0.11824238095238093, 'shortage_percentage': 0.0681313492063492, 'disrupted_manufacturers': [3], 'fda_announcement': None}, {'period': 8, 'total_demand': 1.2, 'total_supply': 1.118242380952381, 'shortage_amount': 0.08175761904761902, 'unsold': 0.11824238095238093, 'shortage_percentage': 0.0681313492063492, 'disrupted_manufacturers': [3], 'fda_announcement': 'The FDA is closely monitoring the supply of the affected drug due to emerging manufacturer disruptions. We encourage manufacturers to voluntarily report any anticipated supply changes. Patient safety remains our top priority, and we are committed to ensuring continued access to necessary medications.'}, {'period': 9, 'total_demand': 1.0, 'total_supply': 0.9674438095238095, 'shortage_amount': 0.032556190476190516, 'unsold': 0, 'shortage_percentage': 0.032556190476190516, 'disrupted_manufacturers': [3], 'fda_announcement': None}]",0.352380952,0.107549334,10,,10.51778786,13.08154086,5
gt_id_70,3bb1f5c9,0,1,5,4,0.05,0.2,"[{'period': 0, 'total_demand': 1.1, 'total_supply': 1.0, 'shortage_amount': 0.10000000000000009, 'unsold': 0.0, 'shortage_percentage': 0.09090909090909098, 'disrupted_manufacturers': [], 'fda_announcement': None}, {'period': 1, 'total_demand': 1.2, 'total_supply': 1.0, 'shortage_amount': 0.19999999999999996, 'unsold': 0.0, 'shortage_percentage': 0.16666666666666663, 'disrupted_manufacturers': [], 'fda_announcement': 'The FDA is aware of emerging supply concerns for this medication. Stakeholders are encouraged to report any supply disruptions and coordinate as needed.'}, {'period': 2, 'total_demand': 1.0, 'total_supply': 1.0, 'shortage_amount': 0, 'unsold': 0.0, 'shortage_percentage': 0.0, 'disrupted_manufacturers': [], 'fda_announcement': None}, {'period': 3, 'total_demand': 1.0, 'total_supply': 0.9900000000000001, 'shortage_amount': 0.009999999999999898, 'unsold': 0, 'shortage_percentage': 0.009999999999999898, 'disrupted_manufacturers': [1], 'fda_announcement': 'The FDA is aware of recent manufacturer disruptions but current supply remains adequate. Stakeholders are encouraged to report any emerging concerns.'}]",0.166666667,0.066893939,3,,3.93,4.53,2
gt_id_71,604c2bb7,0,1,2,4,0.05,0.2,"[{'period': 0, 'total_demand': 1.2, 'total_supply': 0.9, 'shortage_amount': 0.29999999999999993, 'unsold': 0, 'shortage_percentage': 0.24999999999999994, 'disrupted_manufacturers': [1], 'fda_announcement': 'The FDA is monitoring the current status of [Drug Name] due to emerging disruptions. We encourage stakeholders to report any issues and ensure communication lines remain open. No immediate impact on patient safety has been reported.'}, {'period': 1, 'total_demand': 1.5, 'total_supply': 0.9, 'shortage_amount': 0.6, 'unsold': 0, 'shortage_percentage': 0.39999999999999997, 'disrupted_manufacturers': [1], 'fda_announcement': 'The FDA is aware of an emerging shortage and is closely monitoring the situation. We encourage manufacturers and healthcare providers to voluntarily report any related supply challenges or disruptions.'}, {'period': 2, 'total_demand': 1.3, 'total_supply': 1.05, 'shortage_amount': 0.25, 'unsold': 0.050000000000000044, 'shortage_percentage': 0.1923076923076923, 'disrupted_manufacturers': [1], 'fda_announcement': 'The FDA is aware of the emerging shortage situation. We encourage manufacturers to voluntarily report supply updates. Stakeholders are advised to coordinate closely and refrain from unnecessary stockpiling.'}, {'period': 3, 'total_demand': 1.0, 'total_supply': 0.9, 'shortage_amount': 0.09999999999999998, 'unsold': 0, 'shortage_percentage': 0.09999999999999998, 'disrupted_manufacturers': [], 'fda_announcement': None}]",0.4,0.235576923,4,,3.675,5.255,3
gt_id_72,a2925d9a,0,1,3,6,0.05,0.2,"[{'period': 0, 'total_demand': 1.1, 'total_supply': 1.0, 'shortage_amount': 0.10000000000000009, 'unsold': 0.0, 'shortage_percentage': 0.09090909090909098, 'disrupted_manufacturers': [], 'fda_announcement': None}, {'period': 1, 'total_demand': 1.1, 'total_supply': 1.0, 'shortage_amount': 0.10000000000000009, 'unsold': 0.0, 'shortage_percentage': 0.09090909090909098, 'disrupted_manufacturers': [], 'fda_announcement': 'The FDA is aware of the emerging shortage and is monitoring the situation closely. We encourage stakeholders to report any supply disruptions.'}, {'period': 2, 'total_demand': 1.0, 'total_supply': 1.0, 'shortage_amount': 0, 'unsold': 0.0, 'shortage_percentage': 0.0, 'disrupted_manufacturers': [], 'fda_announcement': None}, {'period': 3, 'total_demand': 1.0, 'total_supply': 1.0, 'shortage_amount': 0, 'unsold': 0.0, 'shortage_percentage': 0.0, 'disrupted_manufacturers': [], 'fda_announcement': None}, {'period': 4, 'total_demand': 1.0, 'total_supply': 1.0, 'shortage_amount': 0, 'unsold': 0.0, 'shortage_percentage': 0.0, 'disrupted_manufacturers': [], 'fda_announcement': None}, {'period': 5, 'total_demand': 1.0, 'total_supply': 1.0, 'shortage_amount': 0, 'unsold': 0.0, 'shortage_percentage': 0.0, 'disrupted_manufacturers': [], 'fda_announcement': None}]",0.090909091,0.03030303,2,2,5.95,6.52,1
gt_id_75,47001a4c,0,1,3,4,0.05,0.2,"[{'period': 0, 'total_demand': 1.2, 'total_supply': 1.0, 'shortage_amount': 0.19999999999999996, 'unsold': 0.0, 'shortage_percentage': 0.16666666666666663, 'disrupted_manufacturers': [], 'fda_announcement': None}, {'period': 1, 'total_demand': 1.2, 'total_supply': 1.0, 'shortage_amount': 0.19999999999999996, 'unsold': 0.0, 'shortage_percentage': 0.16666666666666663, 'disrupted_manufacturers': [], 'fda_announcement': 'The FDA is aware of an emerging supply issue for this medication. We are currently monitoring the situation and encourage stakeholders to report any disruptions in availability.'}, {'period': 2, 'total_demand': 1.1, 'total_supply': 1.0, 'shortage_amount': 0.10000000000000009, 'unsold': 0.0, 'shortage_percentage': 0.09090909090909098, 'disrupted_manufacturers': [], 'fda_announcement': None}, {'period': 3, 'total_demand': 1.0, 'total_supply': 1.0, 'shortage_amount': 0, 'unsold': 0.0, 'shortage_percentage': 0.0, 'disrupted_manufacturers': [], 'fda_announcement': None}]",0.166666667,0.106060606,3,3,4,4.75,1
gt_id_77,2.97E+89,0,1,6,4,0.05,0.2,"[{'period': 0, 'total_demand': 1.2, 'total_supply': 0.9333333333333333, 'shortage_amount': 0.2666666666666666, 'unsold': 0, 'shortage_percentage': 0.22222222222222218, 'disrupted_manufacturers': [0, 2], 'fda_announcement': None}, {'period': 1, 'total_demand': 1.3, 'total_supply': 0.9333333333333333, 'shortage_amount': 0.3666666666666667, 'unsold': 0, 'shortage_percentage': 0.28205128205128205, 'disrupted_manufacturers': [0, 2], 'fda_announcement': 'The FDA is closely monitoring the emerging supply disruptions affecting two manufacturers. Stakeholders are encouraged to voluntarily report supply conditions. Patient safety continues to be a priority, and we are working with industry partners to ensure adequate market stability.'}, {'period': 2, 'total_demand': 1.2, 'total_supply': 1.014, 'shortage_amount': 0.18599999999999994, 'unsold': 0.014000000000000012, 'shortage_percentage': 0.15499999999999997, 'disrupted_manufacturers': [0], 'fda_announcement': 'The FDA is monitoring the current supply situation to ensure continued patient access. We encourage manufacturers and healthcare providers to report any disruptions.'}, {'period': 3, 'total_demand': 1.1, 'total_supply': 0.9666666666666667, 'shortage_amount': 0.13333333333333341, 'unsold': 0, 'shortage_percentage': 0.12121212121212127, 'disrupted_manufacturers': [], 'fda_announcement': None}]",0.282051282,0.195121406,4,,3.805333333,5.048066667,2
gt_id_78,e3fd7a50,0,1,2,4,0.05,0.2,"[{'period': 0, 'total_demand': 1.1, 'total_supply': 1.0, 'shortage_amount': 0.10000000000000009, 'unsold': 0.0, 'shortage_percentage': 0.09090909090909098, 'disrupted_manufacturers': [], 'fda_announcement': None}, {'period': 1, 'total_demand': 1.1, 'total_supply': 1.0, 'shortage_amount': 0.10000000000000009, 'unsold': 0.0, 'shortage_percentage': 0.09090909090909098, 'disrupted_manufacturers': [], 'fda_announcement': None}, {'period': 2, 'total_demand': 1.2, 'total_supply': 0.9, 'shortage_amount': 0.29999999999999993, 'unsold': 0, 'shortage_percentage': 0.24999999999999994, 'disrupted_manufacturers': [1], 'fda_announcement': 'The FDA is aware of emerging supply issues with one manufacturer of the affected drug. We are monitoring the situation closely and encourage manufacturers and distributors to report any significant changes in supply levels.'}, {'period': 3, 'total_demand': 1.2, 'total_supply': 1.05, 'shortage_amount': 0.1499999999999999, 'unsold': 0.050000000000000044, 'shortage_percentage': 0.12499999999999993, 'disrupted_manufacturers': [1], 'fda_announcement': 'The FDA is monitoring an emerging drug shortage situation with currently adequate supply. We encourage manufacturers and stakeholders to report any developments or concerns.'}]",0.25,0.139204545,4,,3.875,4.85,2
gt_id_80,8861ffd4,0,1,3,4,0.05,0.2,"[{'period': 0, 'total_demand': 1.0, 'total_supply': 1.0, 'shortage_amount': 0, 'unsold': 0.0, 'shortage_percentage': 0.0, 'disrupted_manufacturers': [], 'fda_announcement': None}, {'period': 1, 'total_demand': 1.0, 'total_supply': 1.0, 'shortage_amount': 0, 'unsold': 0.0, 'shortage_percentage': 0.0, 'disrupted_manufacturers': [], 'fda_announcement': None}, {'period': 2, 'total_demand': 1.0, 'total_supply': 1.0, 'shortage_amount': 0, 'unsold': 0.0, 'shortage_percentage': 0.0, 'disrupted_manufacturers': [], 'fda_announcement': None}, {'period': 3, 'total_demand': 1.0, 'total_supply': 1.0, 'shortage_amount': 0, 'unsold': 0.0, 'shortage_percentage': 0.0, 'disrupted_manufacturers': [], 'fda_announcement': None}]",0,0,0,,3.9835,4.2,0
gt_id_11,b5957c62,0,1,5,8,0.05,0.2,"[{'period': 0, 'total_demand': 1.0, 'total_supply': 1.0, 'shortage_amount': 0, 'unsold': 0.0, 'shortage_percentage': 0.0, 'disrupted_manufacturers': [], 'fda_announcement': None}, {'period': 1, 'total_demand': 1.2, 'total_supply': 0.9600000000000001, 'shortage_amount': 0.23999999999999988, 'unsold': 0, 'shortage_percentage': 0.1999999999999999, 'disrupted_manufacturers': [0], 'fda_announcement': 'The FDA is monitoring the emerging drug shortage closely. We encourage manufacturers and stakeholders to report any significant supply changes voluntarily.'}, {'period': 2, 'total_demand': 1.5, 'total_supply': 1.05, 'shortage_amount': 0.44999999999999996, 'unsold': 0.050000000000000044, 'shortage_percentage': 0.3, 'disrupted_manufacturers': [0], 'fda_announcement': 'The FDA is currently aware of supply disruptions affecting [Drug Name]. We are monitoring the situation closely and recommend healthcare providers report any notable issues. Coordination with manufacturers is ongoing to resolve this emerging shortage promptly.'}, {'period': 3, 'total_demand': 1.5, 'total_supply': 1.1835, 'shortage_amount': 0.3165, 'unsold': 0.1835, 'shortage_percentage': 0.211, 'disrupted_manufacturers': [0], 'fda_announcement': 'The FDA acknowledges an emerging shortage of a critical drug. We urge manufacturers to coordinate efforts to stabilize supply and advise healthcare providers to manage existing stocks prudently.'}, {'period': 4, 'total_demand': 1.4, 'total_supply': 1.2445, 'shortage_amount': 0.15549999999999997, 'unsold': 0.24449999999999994, 'shortage_percentage': 0.11107142857142856, 'disrupted_manufacturers': [], 'fda_announcement': None}, {'period': 5, 'total_demand': 1.2, 'total_supply': 1.12, 'shortage_amount': 0.07999999999999985, 'unsold': 0.1200000000000001, 'shortage_percentage': 0.06666666666666654, 'disrupted_manufacturers': [], 'fda_announcement': 'The FDA is currently monitoring an emerging shortage situation. We encourage manufacturers and healthcare systems to report any developments or disruptions. At this time, supply is adequate, and no immediate actions are necessary.'}, {'period': 6, 'total_demand': 1.2, 'total_supply': 1.12, 'shortage_amount': 0.07999999999999985, 'unsold': 0.1200000000000001, 'shortage_percentage': 0.06666666666666654, 'disrupted_manufacturers': [3], 'fda_announcement': 'The FDA is closely monitoring the drug supply situation. We encourage manufacturers and healthcare providers to report any disruptions or shortages to facilitate better understanding and management of the supply chain.'}, {'period': 7, 'total_demand': 1.2, 'total_supply': 1.1105333333333334, 'shortage_amount': 0.08946666666666658, 'unsold': 0.11053333333333337, 'shortage_percentage': 0.07455555555555549, 'disrupted_manufacturers': [1, 3], 'fda_announcement': ""The FDA is monitoring the current emerging drug shortage situation and encourages manufacturers and stakeholders to voluntarily report any supply disruptions. We'll provide updates as necessary.""}]",0.3,0.12874504,7,,8.562783333,11.00375,6
gt_id_12,4890b073,1,1,4,6,0.05,0.2,"[{'period': 0, 'total_demand': 1.0, 'total_supply': 1.0, 'shortage_amount': 0, 'unsold': 0.0, 'shortage_percentage': 0.0, 'disrupted_manufacturers': [], 'fda_announcement': None}, {'period': 1, 'total_demand': 1.0, 'total_supply': 0.95, 'shortage_amount': 0.050000000000000044, 'unsold': 0, 'shortage_percentage': 0.050000000000000044, 'disrupted_manufacturers': [2], 'fda_announcement': None}, {'period': 2, 'total_demand': 1.3, 'total_supply': 0.9, 'shortage_amount': 0.4, 'unsold': 0, 'shortage_percentage': 0.3076923076923077, 'disrupted_manufacturers': [1, 2], 'fda_announcement': 'The FDA is aware of emerging supply chain disruptions impacting some manufacturers. We are monitoring the situation and encourage stakeholders to report any significant changes in supply or demand dynamics. Cooperation with supply chain partners is recommended to maintain market stability.'}, {'period': 3, 'total_demand': 1.5, 'total_supply': 0.9, 'shortage_amount': 0.6, 'unsold': 0, 'shortage_percentage': 0.39999999999999997, 'disrupted_manufacturers': [1, 2], 'fda_announcement': 'The FDA is issuing an alert regarding the emerging shortage of the affected drug. We encourage manufacturers to optimize production where possible and buyers to manage inventory responsibly. Coordination through industry channels is highly recommended.'}, {'period': 4, 'total_demand': 1.5, 'total_supply': 1.05, 'shortage_amount': 0.44999999999999996, 'unsold': 0.050000000000000044, 'shortage_percentage': 0.3, 'disrupted_manufacturers': [1, 2], 'fda_announcement': 'The FDA has identified an emerging drug shortage situation for the affected products. We encourage manufacturers to increase production where possible and urge all stakeholders to ensure supply continuity. Reporting and coordination efforts are being facilitated.'}, {'period': 5, 'total_demand': 1.5, 'total_supply': 1.095, 'shortage_amount': 0.405, 'unsold': 0.09499999999999997, 'shortage_percentage': 0.27, 'disrupted_manufacturers': [1], 'fda_announcement': 'The FDA is aware of the emerging shortage of [Drug Name]. We urge manufacturers to increase production and encourage stakeholders to coordinate on supply chain solutions.'}]",0.4,0.221282051,5,,5.715,8.215,4
gt_id_13,7687a488,2,1,3,7,0.05,0.2,"[{'period': 0, 'total_demand': 1.2, 'total_supply': 0.9333333333333333, 'shortage_amount': 0.2666666666666666, 'unsold': 0, 'shortage_percentage': 0.22222222222222218, 'disrupted_manufacturers': [1], 'fda_announcement': None}, {'period': 1, 'total_demand': 1.3, 'total_supply': 0.9333333333333333, 'shortage_amount': 0.3666666666666667, 'unsold': 0, 'shortage_percentage': 0.28205128205128205, 'disrupted_manufacturers': [], 'fda_announcement': 'The FDA is aware of an emerging drug shortage and is monitoring the situation closely. We encourage manufacturers and healthcare providers to report any supply issues.'}, {'period': 2, 'total_demand': 1.2, 'total_supply': 1.0663333333333334, 'shortage_amount': 0.1336666666666666, 'unsold': 0.06633333333333336, 'shortage_percentage': 0.11138888888888884, 'disrupted_manufacturers': [], 'fda_announcement': 'The FDA is aware of emerging market conditions potentially affecting drug availability. We are monitoring the situation closely and encourage stakeholders to report any supply disruptions.'}, {'period': 3, 'total_demand': 1.2, 'total_supply': 1.0663333333333334, 'shortage_amount': 0.1336666666666666, 'unsold': 0.06633333333333336, 'shortage_percentage': 0.11138888888888884, 'disrupted_manufacturers': [], 'fda_announcement': None}, {'period': 4, 'total_demand': 1.2, 'total_supply': 1.0663333333333334, 'shortage_amount': 0.1336666666666666, 'unsold': 0.06633333333333336, 'shortage_percentage': 0.11138888888888884, 'disrupted_manufacturers': [], 'fda_announcement': None}, {'period': 5, 'total_demand': 1.1, 'total_supply': 1.0333333333333332, 'shortage_amount': 0.06666666666666687, 'unsold': 0.033333333333333215, 'shortage_percentage': 0.06060606060606079, 'disrupted_manufacturers': [], 'fda_announcement': None}, {'period': 6, 'total_demand': 1.2, 'total_supply': 1.0663333333333334, 'shortage_amount': 0.1336666666666666, 'unsold': 0.06633333333333336, 'shortage_percentage': 0.11138888888888884, 'disrupted_manufacturers': [], 'fda_announcement': 'The FDA is aware of emerging supply issues and encourages stakeholders to report any disruptions. We are actively monitoring the situation to ensure stability and patient safety.'}]",0.282051282,0.144347874,7,,7.073833333,8.8797,3
gt_id_16,39411a7f,2,1,6,10,0.05,0.2,"[{'period': 0, 'total_demand': 1.0, 'total_supply': 1.0, 'shortage_amount': 0, 'unsold': 0.0, 'shortage_percentage': 0.0, 'disrupted_manufacturers': [], 'fda_announcement': None}, {'period': 1, 'total_demand': 1.0, 'total_supply': 1.0, 'shortage_amount': 0, 'unsold': 0.0, 'shortage_percentage': 0.0, 'disrupted_manufacturers': [], 'fda_announcement': None}, {'period': 2, 'total_demand': 1.2, 'total_supply': 0.9666666666666666, 'shortage_amount': 0.2333333333333334, 'unsold': 0, 'shortage_percentage': 0.1944444444444445, 'disrupted_manufacturers': [2], 'fda_announcement': 'The FDA is aware of a manufacturer disruption. We encourage manufacturers and healthcare providers to report any signs of market imbalance. Currently, supply remains adequate.'}, {'period': 3, 'total_demand': 1.1, 'total_supply': 0.9666666666666666, 'shortage_amount': 0.13333333333333353, 'unsold': 0, 'shortage_percentage': 0.12121212121212138, 'disrupted_manufacturers': [], 'fda_announcement': None}, {'period': 4, 'total_demand': 1.2, 'total_supply': 0.9666666666666666, 'shortage_amount': 0.2333333333333334, 'unsold': 0, 'shortage_percentage': 0.1944444444444445, 'disrupted_manufacturers': [], 'fda_announcement': 'The FDA is monitoring an emerging drug shortage. Manufacturers are encouraged to report any disruptions. Patient access remains stable.'}, {'period': 5, 'total_demand': 1.3, 'total_supply': 0.9833333333333333, 'shortage_amount': 0.31666666666666676, 'unsold': 0, 'shortage_percentage': 0.24358974358974367, 'disrupted_manufacturers': [1], 'fda_announcement': 'The FDA is aware of an emerging supply issue and is monitoring the situation closely. We encourage manufacturers and health care providers to report any supply constraints to facilitate effective coordination.'}, {'period': 6, 'total_demand': 1.2, 'total_supply': 1.00505, 'shortage_amount': 0.19494999999999996, 'unsold': 0.005049999999999999, 'shortage_percentage': 0.16245833333333332, 'disrupted_manufacturers': [1], 'fda_announcement': 'The FDA is monitoring the current drug shortage situation closely. We encourage manufacturers and other stakeholders to report any supply issues promptly and collaborate to ensure continued patient access.'}, {'period': 7, 'total_demand': 1.2, 'total_supply': 0.9917166666666666, 'shortage_amount': 0.20828333333333338, 'unsold': 0, 'shortage_percentage': 0.1735694444444445, 'disrupted_manufacturers': [], 'fda_announcement': 'The FDA is currently monitoring an emerging drug shortage. While current supply remains adequate, we encourage manufacturers and healthcare providers to report any disruptions or supply concerns to help facilitate effective coordination.'}, {'period': 8, 'total_demand': 1.5, 'total_supply': 0.9433733333333333, 'shortage_amount': 0.5566266666666667, 'unsold': 0, 'shortage_percentage': 0.3710844444444445, 'disrupted_manufacturers': [1, 4], 'fda_announcement': 'The FDA is actively monitoring emerging supply constraints and encourages manufacturers to report any potential disruptions. Stakeholders are advised to coordinate to ensure continued patient access to essential medications.'}, {'period': 9, 'total_demand': 1.2, 'total_supply': 0.91004, 'shortage_amount': 0.28996, 'unsold': 0, 'shortage_percentage': 0.24163333333333334, 'disrupted_manufacturers': [1, 3, 4], 'fda_announcement': 'The FDA is actively monitoring the current emerging drug shortages. We encourage manufacturers and stakeholders to report any supply disruptions or capacity expansions promptly. Coordination efforts are being facilitated to ensure patient needs are met effectively.'}]",0.371084444,0.170243631,8,,9.695988333,12.517529,7
gt_id_17,bf85625b,0,1,3,7,0.05,0.2,"[{'period': 0, 'total_demand': 1.1, 'total_supply': 1.0, 'shortage_amount': 0.10000000000000009, 'unsold': 0.0, 'shortage_percentage': 0.09090909090909098, 'disrupted_manufacturers': [], 'fda_announcement': None}, {'period': 1, 'total_demand': 1.1, 'total_supply': 1.0, 'shortage_amount': 0.10000000000000009, 'unsold': 0.0, 'shortage_percentage': 0.09090909090909098, 'disrupted_manufacturers': [], 'fda_announcement': None}, {'period': 2, 'total_demand': 1.2, 'total_supply': 0.9333333333333333, 'shortage_amount': 0.2666666666666666, 'unsold': 0, 'shortage_percentage': 0.22222222222222218, 'disrupted_manufacturers': [2], 'fda_announcement': 'The FDA is aware of the current supply situation and is actively monitoring the market. We encourage stakeholders to report any significant supply issues and to collaborate on maintaining market stability.'}, {'period': 3, 'total_demand': 1.1, 'total_supply': 0.9333333333333333, 'shortage_amount': 0.16666666666666674, 'unsold': 0, 'shortage_percentage': 0.15151515151515157, 'disrupted_manufacturers': [], 'fda_announcement': None}, {'period': 4, 'total_demand': 1.2, 'total_supply': 0.9333333333333333, 'shortage_amount': 0.2666666666666666, 'unsold': 0, 'shortage_percentage': 0.22222222222222218, 'disrupted_manufacturers': [], 'fda_announcement': 'The FDA is aware of emerging signals of a potential drug shortage. We are actively monitoring the situation and encourage manufacturers and stakeholders to report any supply disruptions.'}, {'period': 5, 'total_demand': 1.2, 'total_supply': 1.1466666666666665, 'shortage_amount': 0.053333333333333455, 'unsold': 0.1466666666666665, 'shortage_percentage': 0.04444444444444455, 'disrupted_manufacturers': [], 'fda_announcement': 'The FDA is aware of emerging supply issues. We are monitoring the situation closely and encourage healthcare providers and stakeholders to report any disruptions.'}, {'period': 6, 'total_demand': 1.0, 'total_supply': 1.0, 'shortage_amount': 0, 'unsold': 0.0, 'shortage_percentage': 0.0, 'disrupted_manufacturers': [], 'fda_announcement': None}]",0.222222222,0.117460317,6,6,6.732716667,8.294666667,3
gt_id_19,887ed210,0,1,8,5,0.05,0.2,"[{'period': 0, 'total_demand': 1.0, 'total_supply': 1.0, 'shortage_amount': 0, 'unsold': 0.0, 'shortage_percentage': 0.0, 'disrupted_manufacturers': [], 'fda_announcement': None}, {'period': 1, 'total_demand': 1.0, 'total_supply': 0.975, 'shortage_amount': 0.025000000000000022, 'unsold': 0, 'shortage_percentage': 0.025000000000000022, 'disrupted_manufacturers': [4], 'fda_announcement': None}, {'period': 2, 'total_demand': 1.1, 'total_supply': 0.975, 'shortage_amount': 0.1250000000000001, 'unsold': 0, 'shortage_percentage': 0.11363636363636373, 'disrupted_manufacturers': [4], 'fda_announcement': None}, {'period': 3, 'total_demand': 1.1, 'total_supply': 0.975, 'shortage_amount': 0.1250000000000001, 'unsold': 0, 'shortage_percentage': 0.11363636363636373, 'disrupted_manufacturers': [4], 'fda_announcement': 'The FDA is aware of an emerging drug shortage and is actively monitoring the situation. We encourage manufacturers facing disruptions to report supply challenges and are coordinating with all stakeholders to mitigate impacts.'}, {'period': 4, 'total_demand': 1.1, 'total_supply': 1.0375, 'shortage_amount': 0.0625, 'unsold': 0.03750000000000009, 'shortage_percentage': 0.056818181818181816, 'disrupted_manufacturers': [], 'fda_announcement': None}]",0.113636364,0.061818182,4,,4.346875,5.565,1